{
  "bits_per_symbol": 2,
  "stepsize_mu": 0.0940083776053863,
  "stepsize_sigma": 0.0001905586228640312,
  "initial_std": 0.4732974806551583,
  "max_std": 100.0,
  "min_std": 0.0001,
  "lambda_center": 0.0,
  "lambda_l1": 0.0,
  "lambda_l2": 0.0,
  "lambda_baseline": 0.0,
  "restrict_energy": 1,
  "max_amplitude": 1.0,
  "optimizer": 'adam'
}