{
  "bits_per_symbol": 2,
  "stepsize_mu": 0.05,
  "stepsize_sigma": 0.00034213576116328635,
  "initial_std": 0.5083228373351574,
  "max_std": 100.0,
  "min_std": 0.0001,
  "lambda_center": 0.0,
  "lambda_l1": 1.0054220599232218e-05,
  "lambda_l2": 0.0,
  "lambda_baseline": 0.00020397866456308797,
  "restrict_energy": 1,
  "max_amplitude": 1.0,
  "optimizer": "adam"
}