 {
    "bits_per_symbol": 2,
    "stepsize_mu": 0.016188745207115995,
    "stepsize_sigma": 0.001024127027066198,
    "initial_std": 0.4667160817733612,
    "max_std": 100.0,
    "min_std": 0.0001,
    "lambda_center": 0.0,
    "lambda_l1": 0.0,
    "lambda_l2": 0.0,
    "lambda_baseline": 0.0,
    "restrict_energy": 1,
    "max_amplitude": 1.0,
    "optimizer": "adam"
 }
