{
    "bits_per_symbol": 2,
    "stepsize_mu": 0.16408421046962227,
    "stepsize_sigma": 0.056887537928963394,
    "initial_std": 0.5,
    "max_std": 100,
    "min_std": 0.0001,
    "lambda_center": 0.06456875320018793,
    "lambda_l1": 0.0035952346777033324,
    "lambda_l2": 0,
    "lambda_baseline": 0.0024673698196470395,
    "restrict_energy": 1,
    "max_amplitude": 1,
    "optimizer": "adam"
}