{
        "bits_per_symbol": 2,
        "stepsize_mu": 0.3601362649986683,
        "stepsize_sigma": 0.0013261378779347928,
        "initial_std": 0.5,
        "max_std": 100,
        "min_std": 0.0001,
        "lambda_center": 0.8579521706291005,
        "lambda_l1": 0,
        "lambda_l2": 0,
        "lambda_baseline": 0.0012832187945603234,
        "restrict_energy": 1,
        "max_amplitude": 1,
        "optimizer": "adam"
}