{
        "bits_per_symbol": 2,
        "stepsize_mu": 0.3106153852153194,
        "stepsize_sigma": 0.0015597245468176488,
        "initial_std": 0.5,
        "max_std": 100,
        "min_std": 0.0001,
        "lambda_center": 0.4464664115400637,
        "lambda_l1": 0,
        "lambda_l2": 0,
        "lambda_baseline": 0.0010997028493252231,
        "restrict_energy": 1,
        "max_amplitude": 1,
        "optimizer": "adam"
}