
{       "bits_per_symbol": 2,
        "stepsize_mu": 0.0258504269958581,
        "stepsize_sigma": 0.00030135007832274904,
        "initial_std": 0.5,
        "max_std": 100,
        "min_std": 0.0001,
        "lambda_center": 0.003749649518270284,
        "lambda_l1": 0,
        "lambda_l2": 0,
        "lambda_baseline": 0.00015101097299451764,
        "restrict_energy": 1,
        "max_amplitude": 1,
        "optimizer": "adam"
}