{
    "bits_per_symbol": 2,
    "stepsize_mu": 0.04027486193031271,
    "stepsize_sigma": 0.0034991115515730364,
    "initial_std": 0.5,
    "max_std": 100,
    "min_std": 0.0001,
    "lambda_center": 0.04461979545443934,
    "lambda_l1": 0.016640775455376147,
    "lambda_l2": 0,
    "lambda_baseline": 0.0004403274636698001,
    "restrict_energy": 1,
    "max_amplitude": 1,
    "optimizer": "adam"
}